post_id,post_created_utc,post_title,post_url,artists_id,artists_name,track_id,track_name,release_date,genres,track_popularity,danceability,energy,key,mode,loudness,speechiness,acousticness,instrumentalness,liveness,valence,tempo,duration_ms,time_signature
132n8ic,2023-04-29 08:22:49,Monster Rally - In The Valleys,https://www.reddit.com/r/electronicmusic/comments/132n8ic,3DtnSKmpjFGUzZcccWfG43,Monster Rally,1JE9uq3XcUBFWGO6aK8zZA,In The Valleys,2016-11-11,,41,0.595,0.742,7,1,-10.175,0.0425,0.151,0.918,0.16,0.408,93.14,140251,4
132tbt7,2023-04-29 13:46:01,"Trouble Funk - Trouble Funk Express [GoGo, Electro Funk, Washington DC Classic] 1982",https://www.reddit.com/r/electronicmusic/comments/132tbt7,1EGr1AnjVRXYz8j9CTYDlm,Trouble Funk,45WmPhJNoVbFrCQrBVfuht,Trouble Funk Express,2000-01-01,go-go,15,0.741,0.666,11,1,-14.149,0.0984,0.000186,0.675,0.149,0.865,105.833,407027,4
132tdg5,2023-04-29 13:48:07,"The Orb - why can you be in two places at once, when you can’t be anywhere at all.. where’s gary mix [Electronic Dance] new release 2023",https://www.reddit.com/r/electronicmusic/comments/132tdg5,5HAtRoEPUvGSA7ziTGB1cF,The Orb,7MFKi0xmbDLArsmWCgLFlz,"why can you be in two places at once, when you can’t be anywhere at all - where’s gary mix",2023-04-28,"ambient house, breakbeat, electronica, intelligent dance music, trip hop",36,0.767,0.843,10,0,-8.923,0.0771,0.0106,0.713,0.333,0.528,104.998,460520,4
133e5pt,2023-04-30 02:59:40,Caroline Polachek - Smoke,https://www.reddit.com/r/electronicmusic/comments/133e5pt,4Ge8xMJNwt6EEXOzVXju9a,Caroline Polachek,2x8zUjRP6z5N2GmZ13zU76,Smoke,2023-02-14,"art pop, escape room, indie pop, indietronica",59,0.657,0.66,1,1,-8.457,0.0538,0.133,0.00586,0.137,0.419,118.984,177500,4
133f1su,2023-04-30 03:49:06,NNHMN - Omen,https://www.reddit.com/r/electronicmusic/comments/133f1su,3PFLYlaguMd2AXu1i3UAKt,NNHMN,3pyNTPvoO7PSBZHAB6ZBn5,Omen,2022-05-26,dark post-punk,42,0.698,0.912,11,0,-8.049,0.0384,0.000394,0.747,0.134,0.149,131.982,349823,4
133jkg2,2023-04-30 08:21:40,Jean Redondo - Hypersonic [Glitch/IDM] (2023),https://www.reddit.com/r/electronicmusic/comments/133jkg2,6tQLpNpPnoeYO1KVg4If5i,Jean Redondo,7EvsBZNWM4ofrYXTdA72Th,Hypersonic,2023-04-28,,3,0.554,0.575,1,1,-12.726,0.218,0.00148,0.685,0.367,0.212,170.141,232069,4
133tlnh,2023-04-30 14:37:46,Leon Vynehall - Butterflies,https://www.reddit.com/r/electronicmusic/comments/133tlnh,2o7L9DNcmzocYll1o0GGTU,Leon Vynehall,5vWy90WX1eyfFUxnKcKSY9,Butterflies,2014-07-07,"ambient house, deep house, electronica, float house, future garage, microhouse, uk house, wonky",35,0.693,0.916,10,0,-10.356,0.0818,0.00151,0.762,0.0503,0.562,120.002,449266,4
133ybrz,2023-04-30 17:50:37,"DJ Europarking & Dollkraut - 20inch Chrome [techno/trance/""ghettotech(?)""] (2022)",https://www.reddit.com/r/electronicmusic/comments/133ybrz,"6v2HisLcnWEbfHNUu89Aox, 0ocSwGS6cbsOhgWvbKZVNT","DJ Europarking, Dollkraut",1v7Q3UPfnigXASLANpu0UF,20inch Chrome,2022-10-21,dutch experimental electronic,40,0.594,0.644,7,1,-12.608,0.0505,0.00507,0.487,0.123,0.211,149.983,308600,4
1340acn,2023-04-30 19:11:00,Boards of Canada - Seven Forty Seven(2009),https://www.reddit.com/r/electronicmusic/comments/1340acn,2VAvhf61GgLYmC6C8anyX1,Boards of Canada,3lAjFqUU2Sidstgop78SQf,Seven Forty Seven,2009-11-09,"electronica, indietronica, intelligent dance music, scottish electronic, trip hop",25,0.456,0.545,8,0,-11.333,0.0384,0.0183,0.889,0.106,0.0324,112.017,406200,4
134tbxb,2023-05-01 17:09:05,Bad Tölz Buzz - Atomic Warma [Electrosample],https://www.reddit.com/r/electronicmusic/comments/134tbxb,0Uj7mbA0EdcgY0wY1QRSuP,Bad Tölz Buzz,4UqYq7JAIzXRw1JQDwmAA9,Atomic Warma,2023-04-13,,2,0.499,0.794,0,1,-8.397,0.0717,0.0472,0.312,0.0686,0.454,179.991,240015,4
134uxu8,2023-05-01 17:35:31,DJ Seinfeld - Tell Me One More Time (Mona Yim Remix),https://www.reddit.com/r/electronicmusic/comments/134uxu8,37YzpfBeFju8QRZ3g0Ha1Q,DJ Seinfeld,4CvkMAs51YsSdBhe7BEMjp,Tell Me One More Time,2021-09-03,lo-fi house,38,0.725,0.912,0,0,-6.274,0.0778,0.105,0.762,0.0861,0.442,123.009,276413,4
135z9pc,2023-05-02 20:28:31,Britney Spears - Toxic (Beat Kitty Remix) [Bass / DnB] (2023),https://www.reddit.com/r/electronicmusic/comments/135z9pc,26dSoYclwsYLMAKD3tpOr4,Britney Spears,6I9VzXrHxO9rA9A5euc8Ak,Toxic,2003-11-13,"dance pop, pop",83,0.774,0.838,5,0,-3.914,0.114,0.0249,0.025,0.242,0.924,143.04,198800,4
1365z66,2023-05-03 00:59:38,Border Control - If,https://www.reddit.com/r/electronicmusic/comments/1365z66,7d67MdNoMSC0bikYcZzrkY,Border Control,5vU2swptGTiyGkXoTzwzNs,If,2023-02-24,,11,0.797,0.852,7,1,-7.747,0.0683,0.193,0.669,0.0708,0.0682,124.997,491520,4
1366xf1,2023-05-03 01:42:48,Zillv - I Am [Deep House] (2023),https://www.reddit.com/r/electronicmusic/comments/1366xf1,1BLi42y68DC7jShtmG8Hl3,Zillv,2W1XNcDqhAO4Z7gdpnkFJh,I Am,2023-04-25,,0,0.507,0.951,1,1,-5.795,0.0443,0.000316,0.0297,0.046,0.124,123.956,215851,4
1367mpm,2023-05-03 02:15:35,Sinoia Caves - Elena's Sound-World,https://www.reddit.com/r/electronicmusic/comments/1367mpm,3PiClMYSnMYHCc2T11m9cd,Sinoia Caves,7gpa2umN5eZhM40DOB3L0z,Elena's Sound-World,2014-09-02,spacewave,44,0.22,0.317,7,1,-16.624,0.0388,0.786,0.926,0.101,0.0419,134.744,310000,5
136ass3,2023-05-03 04:55:43,Basement Jaxx - Raindrops (Doorly Remix),https://www.reddit.com/r/electronicmusic/comments/136ass3,4YrKBkKSVeqDamzBPWVnSJ,Basement Jaxx,7KwhOs8qcEWcXJP0eKR4Bm,Raindrops,2009-09-21,"alternative dance, big beat, electronica, trip hop",40,0.581,0.916,8,1,-5.352,0.0412,0.00434,0.0193,0.0598,0.483,125.945,249547,4
136j9n8,2023-05-03 12:34:09,Alison Goldfrapp - Love Invention (single from new album) released today!,https://www.reddit.com/r/electronicmusic/comments/136j9n8,72f5AR6hMeL3BwtcO7HqhS,Alison Goldfrapp,7xn5k1DSJrEIXYAE824Xvm,Love Invention,2023-05-02,bath indie,32,0.665,0.81,7,0,-6.195,0.0377,0.042,0.122,0.13,0.66,123.999,259107,4
136n3cz,2023-05-03 14:30:30,Skinny Puppy - Rodent,https://www.reddit.com/r/electronicmusic/comments/136n3cz,5Mu0EMEsUIVE132pNMywns,Skinny Puppy,193H82IbC3HWDXGGFpyXlF,Rodent,1989-11-21,"ebm, electro-industrial, gothic rock, industrial, industrial metal, industrial rock",34,0.626,0.744,2,1,-9.148,0.0445,0.000447,0.786,0.0686,0.582,108.806,348267,4
1376d64,2023-05-04 01:49:46,Zanias - Burial (2023),https://www.reddit.com/r/electronicmusic/comments/1376d64,6ouPbOWchZ9U2ojCpMF9Vv,Zanias,42Im1QKPzxMH82hA9NeDmw,Burial,2023-04-05,"dark post-punk, dark synthpop, grave wave, minimal wave",33,0.596,0.821,8,0,-5.947,0.0625,0.328,8.07e-05,0.253,0.339,95.017,248239,4
137b9h3,2023-05-04 05:38:35,[Fresh] Drinks On Me & Why So Low - Don’t You,https://www.reddit.com/r/electronicmusic/comments/137b9h3,"1cIz2h3ERs72r60yw78Deu, 4udkcJD4btZYw9AOlCBDMK","Drinks On Me, Why So Low",0jhplJrRoCrV9A0CKFA7iI,Don’t You,2023-05-03,bassline,19,0.771,0.761,6,0,-4.361,0.361,0.464,0.0656,0.121,0.169,136.092,215294,4
137w0bw,2023-05-04 18:41:53,Effy x Flowdan - Stone,https://www.reddit.com/r/electronicmusic/comments/137w0bw,"19SX00qkAvpVQroAka9GI0, 07CimrZi5vs9iEao47TNQ4","Effy, Flowdan",5C8ZVCqSWQluWHXsTdLCOW,Stone,2023-04-27,grime,38,0.671,0.968,11,0,-4.459,0.0955,0.0212,0.0112,0.117,0.574,139.962,182270,4
1384ge1,2023-05-04 23:58:19,COMPUTER DATA - Healing,https://www.reddit.com/r/electronicmusic/comments/1384ge1,5wwnitxvqbrtiGk3QW3BuN,COMPUTER DATA,3nhNVCiyHSYbYPFwoKbOA0,Healing,2018-11-22,,53,0.941,0.556,2,1,-7.894,0.106,0.074,0.738,0.0632,0.641,123.006,375000,4
13946t1,2023-05-05 22:53:02,Future Sound Of London - My Kingdom (1996),https://www.reddit.com/r/electronicmusic/comments/13946t1,2qhmNI4ZHPpeDutdg473Z3,The Future Sound Of London,7mB5AgvBYc6QasgzTxrugB,My Kingdom,1996-01-01,"abstract, big beat, breakbeat, electronica, intelligent dance music, trip hop",36,0.547,0.579,11,1,-12.448,0.0409,0.00182,0.698,0.702,0.282,115.988,347107,4
137u7np,2023-05-04 17:35:57,Bring Me The Horizon - LosT,https://www.reddit.com/r/popheads/comments/137u7np,1Ffb6ejR6Fe5IamqA5oRUF,Bring Me The Horizon,5BgnL6gHauuvxe4Ok6W1aC,LosT,2023-05-04,"melodic metalcore, metalcore, modern rock, pop punk, rock, uk metalcore",0,0.396,0.939,9,0,-3.155,0.227,0.000285,0.0,0.212,0.39,185.081,205368,4
137xn05,2023-05-04 19:41:26,Alaina Castillo - éxtasis,https://www.reddit.com/r/popheads/comments/137xn05,0duLKMlcwhyZgqu8zSSjBp,Alaina Castillo,79wvg55yhD3jSwA3vrRBUV,éxtasis,2023-05-04,alt z,5,0.713,0.822,9,0,-5.044,0.0554,0.0633,0.000212,0.11,0.084,127.033,185054,4
13808yu,2023-05-04 21:16:08,Coco Jones - Double Back,https://www.reddit.com/r/popheads/comments/13808yu,4DHLoiIqFYYFjH09WduvFd,Coco Jones,14DK4oWkwJVvzWZxWAGgrd,Double Back,2022-11-04,,50,0.687,0.54,4,0,-5.733,0.0741,0.22,0.0,0.133,0.152,80.019,159245,4
13830u7,2023-05-04 23:00:54,Maude Latour - I am not the sun,https://www.reddit.com/r/popheads/comments/13830u7,3MNLhvqJkWsO6tcjY9ps62,Maude Latour,5LgiT8dSS0vTeyJBq7bS4i,I am not the sun,2023-05-05,"alt z, indie pop, nyc pop",0,0.535,0.865,1,1,-5.675,0.298,0.0281,0.00103,0.0975,0.857,168.006,213090,4
1383lsi,2023-05-04 23:24:05,Black Dresses and rirugiliyangugili - gutz,https://www.reddit.com/r/popheads/comments/1383lsi,"7FFwJQ58hAy7PMo4lUBW96, 2ojo5MBGfvdfO3Iql07wu9","Black Dresses, rirugiliyangugili",3O8wamNDCgweo5M2usfWER,gutz,2023-05-05,japanese trap,0,0.595,0.89,1,1,-2.19,0.0574,0.0482,1.57e-05,0.294,0.322,130.089,214269,4
1384if9,2023-05-05 00:00:33,Busted & Neck Deep - Meet You There 2.0,https://www.reddit.com/r/popheads/comments/1384if9,"3Z6IRCo7umuk8K2XQy0ZDj, 2TM0qnbJH4QPhGMCdPt7fH","Busted, Neck Deep",2VXnCZzPB9lOm19D1TDX0S,Meet You There 2.0,2023-05-05,"boy band, talent show, pop punk, uk pop punk",0,0.498,0.969,1,1,-3.072,0.125,0.000776,0.000185,0.384,0.704,99.899,202219,4
1384yru,2023-05-05 00:19:42,LA'DY - Love Me Down,https://www.reddit.com/r/popheads/comments/1384yru,5b0jEo4I7GhpkpINczgE0E,LA'DY,50dMlZYLpRrPjiaaik0PVp,Love Me Down,2023-05-03,,2,0.749,0.63,1,0,-3.424,0.0431,0.594,0.0,0.12,0.536,119.977,172018,4
1388c47,2023-05-05 02:46:06,Omar Rudberg - She Fell in Love in the Summer,https://www.reddit.com/r/popheads/comments/1388c47,6uRXUjochRDA9d5Sq2tZZd,Omar Rudberg,5ANOz0vfUZMisrIG3n6IBv,She Fell In Love In The Summer,2023-04-28,swedish idol pop,57,0.519,0.545,0,1,-7.658,0.075,0.475,0.0,0.0814,0.391,75.96,172216,4
138a7de,2023-05-05 04:07:50,Kimberly Perry - If I Die Young Pt. 2,https://www.reddit.com/r/popheads/comments/138a7de,3JFfODb5r2GSdBlweDQUE2,Kimberly Perry,7LjN25ppKfSfjIPOJxbH7v,If I Die Young Pt. 2,2023-05-05,,0,0.561,0.732,6,1,-3.187,0.0275,0.0964,0.0,0.093,0.486,138.034,203765,4
138acuu,2023-05-05 04:15:17,XG - LEFT RIGHT REMIXX (feat. Ciara & Jackson Wang) (Prod. JAKOPS),https://www.reddit.com/r/popheads/comments/138acuu,0LOK81e9H5lr61HlGGHqwA,XG,3v5o91PrUtf0nmO6j8J7dZ,LEFT RIGHT,2023-01-25,k-pop girl group,81,0.767,0.721,1,1,-5.586,0.0456,0.153,1.52e-06,0.108,0.884,150.065,208066,4
138ahyz,2023-05-05 04:22:24,Alexandra Stan x MATTN - Bitch Is Fire,https://www.reddit.com/r/popheads/comments/138ahyz,"0BmLNz4nSLfoWYW1cYsElL, 1RQ3ZwCNI7KniEKIN5kkio","Alexandra Stan, MATTN",2IlBUNjLmdnh4gXAMm7riS,Bitch Is Fire,2023-05-05,"romanian pop, belgian edm, sky room",0,0.66,0.931,0,0,-4.004,0.0609,0.0155,0.00134,0.256,0.473,121.924,135738,4
138ai9w,2023-05-05 04:22:52,Misterwives - Nosebleeds,https://www.reddit.com/r/popheads/comments/138ai9w,5ivCbtrcD5N4rD337xIb2z,MisterWives,1jjthaUpATAKHlCY4T5Kj2,Nosebleeds,2023-05-05,"indie poptimism, modern rock, nyc pop",0,0.616,0.804,6,1,-3.259,0.0564,0.0387,0.0,0.398,0.7,115.075,183360,4
138aw95,2023-05-05 04:42:20,Taska Black - Power,https://www.reddit.com/r/popheads/comments/138aw95,3XFcu2NnGWceLNdxRCfYH3,Taska Black,3c659nYaGGayYidMISUo4z,Power,2023-05-05,"bass trap, future bass, pop edm, vapor twitch",0,0.628,0.654,1,0,-7.532,0.041,0.0265,0.000229,0.316,0.437,137.934,143043,4
138bign,2023-05-05 05:12:45,Charlotte Cardin - Confetti - VFrançaise,https://www.reddit.com/r/popheads/comments/138bign,1G0YV9WooUBjrwDq0Q7EFK,Charlotte Cardin,0ELnNmc1vQFW3aPEzQ5zOg,Confetti,2023-04-11,"canadian pop, indie quebecois",64,0.798,0.496,3,1,-5.825,0.106,0.539,1.21e-06,0.325,0.448,111.055,184650,4
138c395,2023-05-05 05:42:55,Vicco - Todo Me Da Igual,https://www.reddit.com/r/popheads/comments/138c395,2z1MpPojFcvxYcEAx0lT6w,Vicco,4STFCa5m6flKfj8fIZYUkc,Todo Me Da Igual,2023-05-05,,0,0.606,0.68,1,0,-6.586,0.0947,0.107,0.0,0.412,0.473,174.868,192000,4
138ewpq,2023-05-05 08:11:35,Matchbox Twenty - Don't Get Me Wrong,https://www.reddit.com/r/popheads/comments/138ewpq,3Ngh2zDBRPEriyxQDAMKd1,Matchbox Twenty,386DEQx94L5LVXKw4HtSdN,Don't Get Me Wrong,2023-05-05,"neo mellow, pop rock, post-grunge",0,0.636,0.743,4,1,-6.128,0.067,0.0122,0.0,0.125,0.704,140.041,173132,4
138fob1,2023-05-05 08:53:21,"YoungBoy Never Broke Again, Dermot Kennedy & Bailey Zimmerman - Won’t Back Down",https://www.reddit.com/r/popheads/comments/138fob1,"7wlFDEWiM5OoIAt8RSli8b, 3win9vGIxFfBRag9S63wwf, 5KNNVgR6LBIABRIomyCwKJ","YoungBoy Never Broke Again, Bailey Zimmerman, Dermot Kennedy",7JODkWwpYsZt5racs1IiOJ,"Won’t Back Down (feat. YoungBoy Never Broke Again, Dermot Kennedy & Bailey Zimmerman)",2023-05-04,"baton rouge rap, rap, modern country pop, folk-pop, irish pop, uk pop",0,0.354,0.748,5,0,-5.789,0.232,0.0267,0.0,0.204,0.254,91.093,163258,4
138ganf,2023-05-05 09:25:49,The Krown Jewelz (The Kunts) - Scrap The Monarchy,https://www.reddit.com/r/popheads/comments/138ganf,"3GFQK7DfJqWVVNGXa6XQZy, 0FmzrEmiPcP9Vb3g0ApsPg","The Krown Jewelz, The Kunts",7vdIE36q3FoGUNxTvLwD6j,Scrap The Monarchy,2023-05-03,,4,0.767,0.65,0,0,-8.4,0.197,0.0192,0.0,0.275,0.963,139.95,149001,4
138gl9i,2023-05-05 09:41:03,Girls Aloud - Sound Of The Underground (Alternative Vocal Mix),https://www.reddit.com/r/popheads/comments/138gl9i,12EtLdLfJ41vUOoVzPZIUy,Girls Aloud,25Mn17RDbdJHiKL5SEhLnL,Sound Of The Underground,2003-01-01,"dance pop, europop, girl group, talent show",34,0.577,0.854,11,1,-5.871,0.0379,0.00315,6.42e-05,0.323,0.869,163.921,221427,4
138jj22,2023-05-05 12:00:20,Céline Dion - I'll Be (from the Motion Picture Soundtrack Love Again),https://www.reddit.com/r/popheads/comments/138jj22,4S9EykWXhStSc15wEx8QFK,Céline Dion,7DtlKJZoks3dmk6RXDM0yG,I'll Be,2023-05-05,canadian pop,0,0.557,0.664,8,1,-6.113,0.0406,0.161,0.0,0.128,0.189,123.047,183400,4
138qpwl,2023-05-05 14:51:22,"David Guetta, Anne-Marie, Coi Leray - Baby Don’t Hurt Me (Official video)",https://www.reddit.com/r/popheads/comments/138qpwl,"1Cs0zKBU1kc0i8ypK3B9ai, 1zNqDE7qDGCsyzJwohVaoX, 6AMd49uBDJfhf30Ak2QR5s","David Guetta, Anne-Marie, Coi Leray",3BKD1PwArikchz2Zrlp1qi,Baby Don't Hurt Me,2023-04-06,"big room, dance pop, edm, pop, pop dance, hel, pop, new jersey underground rap, trap queen",88,0.602,0.91,7,1,-3.404,0.0308,0.00126,0.000174,0.12,0.228,127.944,140018,4
138qxn5,2023-05-05 14:54:45,"Alan Walker, Sasha Alex Sloan - Hero",https://www.reddit.com/r/popheads/comments/138qxn5,"7vk5e3vY1uw9plTHJAMwjN, 4xnihxcoXWK3UqryOSnbw5","Alan Walker, Sasha Alex Sloan",1rBTBbtkJlSDk78gg8Dw9F,Hero,2023-05-04,"electro house, alt z",37,0.59,0.681,5,1,-7.289,0.0305,0.046,7.55e-05,0.153,0.0726,126.02,175764,4
138spgy,2023-05-05 15:48:35,Icona Pop feat. Yaeger - Shit We Do For Love,https://www.reddit.com/r/popheads/comments/138spgy,"1VBflYyxBhnDc9uVib98rw, 0sWPIrlMZlHFkDBYkciO3X","Icona Pop, Yaeger",2bIxNWvnynGGNq87gMbNcn,Shit We Do For Love,2023-05-05,"candy pop, dance pop, electropop, metropopolis, swedish electropop, swedish synthpop",0,0.691,0.859,4,0,-5.211,0.116,0.0466,0.0172,0.0505,0.487,142.046,167567,4
138ss8z,2023-05-05 15:51:18,will.i.am feat. Lil Wayne - THE FORMULA,https://www.reddit.com/r/popheads/comments/138ss8z,"085pc2PYOi8bGKj0PNjekA, 55Aa2cqylxrFIXC767Z865","will.i.am, Lil Wayne",1sCIBNFV7SL3Y2gL2G8iKl,THE FORMULA,2023-05-05,"dance pop, pop, hip hop, new orleans rap, pop rap, rap, trap",19,0.736,0.886,1,1,-4.781,0.274,0.313,0.0,0.125,0.431,77.534,227633,4
138t1rw,2023-05-05 16:00:44,Matilda Mann - In Plain Sight,https://www.reddit.com/r/popheads/comments/138t1rw,76oY04bOzECod3aGVTDtzu,Matilda Mann,266v6l2hpwcRVrmMxNZkp4,In Plain Sight,2023-05-05,british singer-songwriter,0,0.508,0.595,1,1,-8.839,0.0327,0.153,0.0845,0.125,0.363,101.947,156803,4
138v4qd,2023-05-05 17:14:15,Dovey Magnum - Zelle,https://www.reddit.com/r/popheads/comments/138v4qd,2QXURwKFTGg2RfgSKJ4HlR,Dovey Magnum,5JGS7Q9GLrvM8g22HEjL4T,Zelle,2023-05-03,"dancehall, dancehall queen",1,0.535,0.546,4,0,-8.761,0.18,0.363,0.00138,0.179,0.591,94.985,151579,4
138vuxu,2023-05-05 17:41:26,Monaleo - Sober Mind | A COLORS SHOW,https://www.reddit.com/r/popheads/comments/138vuxu,2sflbTtCirog5VxD6jPAfb,Monaleo,1G32FYKUFuruXx6F4rBulW,Sober Mind - A COLORS SHOW,2023-05-05,viral rap,0,0.61,0.372,7,0,-10.863,0.178,0.875,0.0,0.123,0.474,82.04,192195,4
138zfqc,2023-05-05 19:54:12,Caroline Romano - Mississippi Air,https://www.reddit.com/r/popheads/comments/138zfqc,1MgbE6bu4MzbVLfAesPRol,Caroline Romano,7rTNTUxQW3Ekv5HX90BFSO,Mississippi Air,2023-05-05,,0,0.478,0.776,0,1,-6.78,0.0661,0.309,0.068,0.53,0.539,174.007,208276,4
138ztra,2023-05-05 20:08:45,Jane Bell - REM (GTULLY Remix),https://www.reddit.com/r/popheads/comments/138ztra,77bNmKoq4fuzSlRB8KDCKk,Jane Bell,5pYFjIuU9ThU50tj2sfOIi,REM,2023-04-28,,7,0.607,0.814,6,0,-5.306,0.0807,0.00567,0.0,0.13,0.537,129.034,192000,4
1392ku1,2023-05-05 21:50:30,Catie Turner - Easy,https://www.reddit.com/r/popheads/comments/1392ku1,3nYYI90ObxhjLjdxaoXGSa,Catie Turner,2e9OcSUPm48Eo1JqGf9z0b,Easy,2023-05-05,"alt z, gen z singer-songwriter",0,0.607,0.553,1,0,-6.719,0.0451,0.353,0.0,0.102,0.199,123.992,167301,4
1394lsn,2023-05-05 23:09:22,Caroline Romano - Mississippi Air,https://www.reddit.com/r/popheads/comments/1394lsn,1MgbE6bu4MzbVLfAesPRol,Caroline Romano,7rTNTUxQW3Ekv5HX90BFSO,Mississippi Air,2023-05-05,,0,0.478,0.776,0,1,-6.78,0.0661,0.309,0.068,0.53,0.539,174.007,208276,4
138anki,2023-05-05 04:30:26,"[FRESH ALBUM] Randy Randall,Dean Spunt & John Herndon - Live at Zebulon 12.12.22",https://www.reddit.com/r/indieheads/comments/138anki,"10xQlFFMkARUiDNXd31XYS, 3otP4KstlobkJWSQL6TVNK, 4PphaaUl8xVZKCMlXZDIuX","Randy Randall, Dean Spunt, John Herndon",2C35OHF0BSn8Euia8jOjQO,Live at Zebulon 12.12.22,2023-05-05,,0,0.208,0.272,2,1,-21.886,0.0556,0.954,0.87,0.12,0.0369,126.31,2931344,4
138apnt,2023-05-05 04:33:12,[FRESH] Batty Jr. - Doggies,https://www.reddit.com/r/indieheads/comments/138apnt,2VYqve4kXlLX4OCB2xypHY,Batty Jr.,4ppeVtFCre6cjmxedAKc2d,Doggies,2023-05-05,,0,0.716,0.538,8,1,-8.895,0.0429,0.121,0.00321,0.0979,0.631,119.976,127347,4
138aq7z,2023-05-05 04:33:59,[FRESH ALBUM] Angel Abaya - The Bubble,https://www.reddit.com/r/indieheads/comments/138aq7z,5LJFmizHbr1z46HUEl1F13,Angel Abaya,56C3VOWAADywxIWRmbkcAl,The Bubble,2023-04-06,,3,0.554,0.798,1,1,-9.248,0.0274,0.000192,0.326,0.184,0.762,104.023,274627,4
138aruq,2023-05-05 04:36:15,[FRESH] Ebba Forsberg - Folded into the Grass,https://www.reddit.com/r/indieheads/comments/138aruq,1MrzQFvlf2DzLE1qP98ehk,Ebba Forsberg,4LcvHsWAQeIGWcuBEzUiae,Folded Into The Grass,2012-04-30,swedish singer-songwriter,0,0.439,0.0741,7,1,-15.136,0.046,0.947,0.000322,0.122,0.193,113.679,244918,3
138asjp,2023-05-05 04:37:16,[FRESH] Jude Brothers - yar wut yar / i love you for it!,https://www.reddit.com/r/indieheads/comments/138asjp,0sT6F223HT3WK1syT4s9RW,Jude Brothers,5RmkeyAUipRdO9LLFFZSkK,yar wut yar / i love you for it!,2023-05-05,,0,0.476,0.289,10,1,-7.495,0.0428,0.9,0.0,0.168,0.3,127.582,500224,4
138atqe,2023-05-05 04:38:56,[FRESH] Jay Stone & Sandu Ndu - GUMBO,https://www.reddit.com/r/indieheads/comments/138atqe,"1XMoZ8AHs0TxrFiQAnOTAI, 7zvtdMIkFwsGwIbc9akY2R","Jay Stone, Sandu Ndu",5JHXNqjBDpmJcAY0ZBx5l3,GUMBO,2023-05-05,,0,0.663,0.525,6,1,-11.654,0.241,0.0291,0.00995,0.102,0.502,135.719,189475,4
138axaf,2023-05-05 04:43:51,[FRESH ALBUM] Asher Gamedze - Turbulence and Pulse,https://www.reddit.com/r/indieheads/comments/138axaf,0seHw20kF6a8af3qsufKyQ,Asher Gamedze,3MMBr3X0uvdQ0uBArKTP3Q,Turbulence's Pulse,2023-05-05,"experimental jazz, south african modern jazz",0,0.696,0.672,1,1,-11.985,0.274,0.474,2.57e-06,0.394,0.689,145.944,248453,4
138ay9x,2023-05-05 04:45:15,[FRESH] Tony Allen & Adrian Younge - Don’t Believe The Dancers,https://www.reddit.com/r/indieheads/comments/138ay9x,"7j5X9nl8nG6sQAIX2GOlmq, 4aMeIY7MkJoZg7O91cmDDd","Tony Allen, Adrian Younge",4l9tu2beBs4QXeyZ9v9koq,Don’t Believe The Dancers,2023-05-05,african-american classical,0,0.762,0.861,0,0,-5.473,0.0471,0.235,0.765,0.1,0.968,100.795,176937,4
138az7q,2023-05-05 04:46:27,[FRESH] Golden Ivy - Kammarn II,https://www.reddit.com/r/indieheads/comments/138az7q,3EfjEHtmoYHv9maqn43IvQ,Golden Ivy,4wQQTrpAwMYUWHtKKKONn9,Kammarn II,2023-05-05,malmo indie,0,0.51,0.316,3,1,-9.996,0.036,0.956,0.912,0.0717,0.222,146.096,279800,4
138azzf,2023-05-05 04:47:28,[FRESH VIDEO] Jupiter Coyote - Roads,https://www.reddit.com/r/indieheads/comments/138azzf,2kbCGRYwdk1GEpBwRD8Z1V,Jupiter Coyote,6aklh3be1L0FBVRdPCYF73,Roads,2023-04-28,,11,0.561,0.763,4,1,-6.994,0.0583,0.0145,0.295,0.135,0.446,120.134,402969,4
138b0tn,2023-05-05 04:48:41,[FRESH] Brittain Ashford - Hand Wringing/In the Wings,https://www.reddit.com/r/indieheads/comments/138b0tn,1koDvHlefFvQiDXU3jj6e5,Brittain Ashford,4Hfy7how76lFZom0nXOuq1,Hand Wringing/In the Wings,2023-05-05,ectofolk,0,0.643,0.309,2,1,-10.755,0.0279,0.0926,0.796,0.115,0.331,146.054,218604,3
138b1bf,2023-05-05 04:49:22,[FRESH ALBUM] David Wax Museum - You Must Change Your Life,https://www.reddit.com/r/indieheads/comments/138b1bf,41h543BszPTZEEfQRHYc8K,David Wax Museum,5kXN6pdSzzxqyCsL9gVu70,You Must Change Your Life,2023-05-05,new england americana,0,0.647,0.869,0,1,-4.027,0.0631,0.188,0.0,0.0823,0.556,127.085,190627,4
138b2cw,2023-05-05 04:50:44,"[FRESH ALBUM] Örnatorpet - Evigt främmande, evigt fjärran",https://www.reddit.com/r/indieheads/comments/138b2cw,6kKRsj0RBBGMwXewQmBzkX,Örnatorpet,1r69vEB79d8jCHE9fflAtb,"Evigt främmande, evigt fjärran",2023-05-05,dungeon synth,0,0.0659,0.328,9,0,-16.181,0.0362,0.672,0.915,0.336,0.137,70.642,440328,3
138b3pj,2023-05-05 04:52:31,[FRESH] Kevin McCune - Branches,https://www.reddit.com/r/indieheads/comments/138b3pj,47VuexyOvx0Ffzdd2nP2bD,Kevin McCune,1Lt1xiHzRILb3Fa3xi8ocq,Branches,2023-03-03,,12,0.356,0.835,2,1,-12.54,0.035,0.000139,0.015,0.181,0.734,180.024,181363,4
138b3y1,2023-05-05 04:52:52,[FRESH ALBUM] Dex Romweber - Good Thing Goin',https://www.reddit.com/r/indieheads/comments/138b3y1,3Ykw4rIMxCoZ0XJuAzTV1b,Dex Romweber,38K99TikMNhpkrZkkwXqZq,Good Thing Going,2023-03-07,,10,0.419,0.829,9,0,-7.234,0.0374,0.0029,5.19e-05,0.196,0.644,136.074,191493,4
138b5yj,2023-05-05 04:55:39,[FRESH ALBUM] Euglossine - Strawberries In Rain,https://www.reddit.com/r/indieheads/comments/138b5yj,7dqSnhzWORkW3ncytnzbO2,Euglossine,6I9ddjZ3JkOzLUfIGZd2uJ,Strawberries In Rain,2023-04-07,gainesville indie,1,0.603,0.293,4,1,-14.286,0.0391,0.965,0.928,0.109,0.374,160.597,150418,3
138b8qe,2023-05-05 04:59:34,[FRESH] Billy King & the Bad Bad Bad - Show and Tell,https://www.reddit.com/r/indieheads/comments/138b8qe,4fFKrBEL6MXGjFCY08AEXE,Billy King & the Bad Bad Bad,6CaxS04Tl67wUeHIwoFwah,Show and Tell,2023-05-05,austin rock,0,0.389,0.621,5,0,-7.314,0.047,0.00262,3.54e-05,0.583,0.547,125.244,252031,4
138ecxx,2023-05-05 07:41:04,[FRESH] Korine - Forevermore (CD Ghost Remix),https://www.reddit.com/r/indieheads/comments/138ecxx,2kkHe1abWV084RUXhSEf2q,Korine,5itcq6VSyUk5KPDw6hFWbC,Forevermore,2023-02-17,popwave,21,0.47,0.812,2,1,-5.87,0.0357,0.293,0.0,0.136,0.328,97.053,215440,4
138edch,2023-05-05 07:41:39,[FRESH] Purr - Guessing,https://www.reddit.com/r/indieheads/comments/138edch,7iKAKm7fkVOfNvcdqMlYzP,Purr,1ieo5r9DNnIaE4i9622gNq,Guessing,2023-05-03,,10,0.455,0.599,5,0,-7.154,0.0281,0.11,0.000392,0.079,0.393,139.969,303773,4
138ee02,2023-05-05 07:42:36,[FRESH] Taleen Kali - Crusher (Astrobite Remix),https://www.reddit.com/r/indieheads/comments/138ee02,1WCm8CXsOSCFpSWqDNDn65,Taleen Kali,2kAGNTJuZiL17vBOEnJHDe,Crusher,2023-03-03,,15,0.247,0.596,9,1,-6.428,0.0452,4.23e-05,0.857,0.164,0.258,74.898,157398,4
138eewn,2023-05-05 07:44:11,[FRESH] Yeah Yeah Yeahs - Wolf (Remixes),https://www.reddit.com/r/indieheads/comments/138eewn,3TNt4aUIxgfy9aoaft5Jj2,Yeah Yeah Yeahs,4g3alZ0okNvZiOWW4pGUpw,Wolf,2022-09-30,"alternative dance, alternative rock, art pop, dance-punk, garage rock, indie rock, modern rock, neo-synthpop, new rave",58,0.576,0.812,4,0,-5.035,0.0505,0.0108,0.00241,0.116,0.32,109.033,253027,4
138efoj,2023-05-05 07:45:18,[FRESH] Gaz Coombes - Turn The Tracks Around,https://www.reddit.com/r/indieheads/comments/138efoj,6ho33Vt1tjZyf8m7Z5NZhx,Gaz Coombes,2RiEFfwJj7DISVpaPTUaaj,Turn The Car Around,2023-01-13,"britpop, oxford indie, solo wave",42,0.406,0.879,0,0,-5.18,0.0364,0.00675,6.14e-06,0.386,0.652,167.161,227333,4
138eg9d,2023-05-05 07:46:13,[FRESH] Pozi - What You Came For,https://www.reddit.com/r/indieheads/comments/138eg9d,0i1dJNVY6kGU5lUzmwXNhS,Pozi,6ABCZPeSYutQUTjB0F6Sg7,What You Came For,2023-05-02,"crank wave, uk post-punk revival",3,0.8,0.378,4,1,-10.655,0.0548,0.891,0.0364,0.133,0.484,106.468,186406,3
138enhv,2023-05-05 07:57:40,[ORIGINAL] Nice World - Enjoy the Weather (dream pop),https://www.reddit.com/r/indieheads/comments/138enhv,52YpyQGFR3B4JFNTWqFxrN,Nice World,1GW0yBWtrB6SckNxlBomz1,Enjoy the Weather,2023-04-04,,17,0.56,0.939,7,1,-7.319,0.0939,0.0889,0.48,0.223,0.4,165.988,194665,4
138g95g,2023-05-05 09:23:31,"[FRESH] Mare Advertencia Lirika, Tayhana - ReSURrección",https://www.reddit.com/r/indieheads/comments/138g95g,"3QVB7ctBlqEFuQZeMDt6Qh, 647u1oTQ3MgB1k4FwVrPfg","Mare Advertencia Lirika, Tayhana",0BY84BjIZX2qXnsanQzvVG,ReSURrección,2023-05-05,"rap femenino mexicano, rap latina, deconstructed club, experimental club",0,0.879,0.618,10,0,-7.803,0.124,0.0903,0.000102,0.0954,0.102,97.001,210389,4
138gb5l,2023-05-05 09:26:36,[FRESH] The Krown Jewelz (The Kunts) - Scrap The Monarchy,https://www.reddit.com/r/indieheads/comments/138gb5l,"3GFQK7DfJqWVVNGXa6XQZy, 0FmzrEmiPcP9Vb3g0ApsPg","The Krown Jewelz, The Kunts",7vdIE36q3FoGUNxTvLwD6j,Scrap The Monarchy,2023-05-03,,4,0.767,0.65,0,0,-8.4,0.197,0.0192,0.0,0.275,0.963,139.95,149001,4
138iozr,2023-05-05 11:22:50,"[FRESH ALBUM] Dean Johnson - Nothing For Me, Please",https://www.reddit.com/r/indieheads/comments/138iozr,4EIdxKX5DkSd7DQhtmY5DN,Dean Johnson,2HPK2aum6SEPP7MwV8pAmQ,"Nothing for Me, Please",2023-05-05,,0,0.675,0.172,9,1,-10.159,0.0284,0.873,3.99e-05,0.14,0.219,96.083,153920,4
138lpsl,2023-05-05 13:26:56,[FRESH ALBUM] Vipertime - Arise,https://www.reddit.com/r/indieheads/comments/138lpsl,3Jj9WJBoEcR1gcP9Cm0vqp,Vipertime,2gEsJCticxGLGZrRChZfYI,Arise,2023-05-05,,0,0.37,0.707,1,0,-8.424,0.0373,0.00221,0.496,0.145,0.461,141.721,215690,4
138ls51,2023-05-05 13:29:37,[FRESH] Abby Sage - Backwards Directions (feat. Porches),https://www.reddit.com/r/indieheads/comments/138ls51,4aej3kKLxSLM0WauTSfZ7k,Abby Sage,5vbnQr1tWSSREmcIONIUm9,Backwards Directions,2022-09-07,,59,0.852,0.376,10,1,-10.434,0.0485,0.408,0.452,0.0956,0.484,114.999,187072,4
138qph3,2023-05-05 14:51:12,[FRESH] Chet Faker - Something Like This,https://www.reddit.com/r/indieheads/comments/138qph3,6UcJxoeHWWWyT5HZP064om,Chet Faker,2Xn7cHKdRP0hBXaUr38J7R,Something Like This,2023-05-05,"art pop, indietronica",0,0.883,0.664,0,1,-5.381,0.0442,0.0208,0.0721,0.165,0.813,113.795,198020,4
138rg5f,2023-05-05 15:03:55,[FRESH] Superbloom - Tiny Bodyguard,https://www.reddit.com/r/indieheads/comments/138rg5f,3xdggitmc1vFAChxAwhIIL,Superbloom,13tEx6NbqfeK7EQpgX7crA,Tiny Bodyguard,2023-05-04,grungegaze,0,0.505,0.786,1,1,-5.024,0.0388,0.0264,3.62e-05,0.266,0.391,144.088,185011,4
138sao8,2023-05-05 15:33:25,[FRESH VIDEO] Hermanos Gutiérrez - Thunderbird,https://www.reddit.com/r/indieheads/comments/138sao8,73mSg0dykFyhvU96tb5xQV,Hermanos Gutiérrez,36gUdwmMhZXcwOSaUkTPty,Thunderbird,2022-10-28,,53,0.576,0.337,2,0,-15.169,0.0351,0.902,0.874,0.108,0.327,113.669,208000,4
138t8ob,2023-05-05 16:07:30,"[ORIGINAL] Gottlieb - Venetian Hotels (FFO recent post punk and hardcore. Murder Capital, Soul Glo, IDLES, Incendiary)",https://www.reddit.com/r/indieheads/comments/138t8ob,0GKSxsjwvu4tH5D3Qxee7k,Gottlieb,7pORwgoOkVHLY2N1U18gsl,Venetian Hotels,2023-05-05,,0,0.359,0.97,2,0,-2.981,0.0471,1.6e-05,0.00286,0.372,0.575,181.03,140635,4
138u4zh,2023-05-05 16:39:24,[FRESH VIDEO] The Undercover Dream Lovers - Scattered Dreams,https://www.reddit.com/r/indieheads/comments/138u4zh,4D42J3IJpcTm3zxzmZ7TCV,The Undercover Dream Lovers,0A4yWwcpwp35JWPHGQ24X9,Scattered Dreams,2023-05-05,,0,0.418,0.625,1,1,-6.698,0.0414,0.309,1.64e-05,0.32,0.617,96.141,234584,4
138w4xh,2023-05-05 17:51:44,[FRESH] Night Gestalt - The Pale Breathing Of The Sun,https://www.reddit.com/r/indieheads/comments/138w4xh,4UuRl4uM2Nf7sbNFBKpZ6b,Night Gestalt,6SbqUKDS6DSjki5eEssgVH,The Pale Breathing Of The Sun,2023-05-05,nordic ambient,0,0.148,0.0366,2,1,-25.501,0.0551,0.952,0.951,0.128,0.0297,100.897,397109,4
138wrhq,2023-05-05 18:14:13,[FRESH] Misterwives - Nosebleeds,https://www.reddit.com/r/indieheads/comments/138wrhq,5ivCbtrcD5N4rD337xIb2z,MisterWives,1jjthaUpATAKHlCY4T5Kj2,Nosebleeds,2023-05-05,"indie poptimism, modern rock, nyc pop",0,0.616,0.804,6,1,-3.259,0.0564,0.0387,0.0,0.398,0.7,115.075,183360,4
138x5aq,2023-05-05 18:28:40,[FRESH] Daddy's Beemer - Avalon,https://www.reddit.com/r/indieheads/comments/138x5aq,3XZqEvsJMEpFb9YzuW1v16,Daddy's Beemer,7gNhsvBxaVSHDauhX7rnlm,Avalon,2023-05-05,"charlotte nc indie, south carolina indie",0,0.365,0.808,4,1,-3.883,0.0549,0.000414,2.49e-06,0.128,0.788,139.854,129413,4
138ynwe,2023-05-05 19:25:08,[FRESH] Hearty Har - Say Something,https://www.reddit.com/r/indieheads/comments/138ynwe,0Z6brHuf6MkcoOaMz3yh3K,Hearty Har,18K0pvfCT5MolzJPnpMj6K,Say Something,2023-05-05,,0,0.622,0.692,4,1,-6.811,0.0378,3.4e-05,0.00265,0.132,0.963,120.149,201122,4
1390jt5,2023-05-05 20:35:22,[FRESH VIDEO] Gritty Kitty - Come Out Tonight,https://www.reddit.com/r/indieheads/comments/1390jt5,67YrdZEN1hi0dLTIrGBsiL,Gritty Kitty,50iOpfmELsu0RECCqKspss,Come Out Tonight,2023-04-28,,6,0.523,0.885,4,1,-5.339,0.0535,0.0965,0.000157,0.0882,0.894,134.737,252711,4
1396442,2023-05-06 00:10:25,[FRESH ALBUM] Death Goals - A Garden of Dead Flowers,https://www.reddit.com/r/indieheads/comments/1396442,00I2SJI3kqtdl3IWdAPTk5,Death Goals,4R6kaAxZhlPWTx4huKlUbN,A Garden of Dead Flowers,2023-05-05,mathcore,0,0.162,0.976,1,1,-4.065,0.0963,0.000871,0.0,0.633,0.0622,183.783,193821,4
1398rfe,2023-05-06 02:04:37,[FRESH VIDEO] Misterwives - Nosebleeds,https://www.reddit.com/r/indieheads/comments/1398rfe,5ivCbtrcD5N4rD337xIb2z,MisterWives,1jjthaUpATAKHlCY4T5Kj2,Nosebleeds,2023-05-05,"indie poptimism, modern rock, nyc pop",0,0.616,0.804,6,1,-3.259,0.0564,0.0387,0.0,0.398,0.7,115.075,183360,4
139098y,2023-05-05 20:24:52,"Orchestral Manoeuvres In The Dark - Electricity [Classic,New Wave]",https://www.reddit.com/r/Music/comments/139098y,7wJ9NwdRWtN92NunmXuwBk,Orchestral Manoeuvres In The Dark,0rbgYthugGm0YW2C0RMxYZ,Electricity,1988-01-01,"new romantic, new wave, new wave pop, permanent wave, synthpop",48,0.561,0.655,9,0,-12.23,0.0291,0.00308,0.119,0.325,0.677,81.322,212160,4
1390sg6,2023-05-05 20:44:18,"Madredeus - O Pastor [Classic,Folk]",https://www.reddit.com/r/Music/comments/1390sg6,3mlxV3eHtMwvoOSLzR6CFj,Madredeus,0GTT29VZHQY4OhbA1mh7rJ,O pastor,1990-06-05,fado,42,0.656,0.217,10,0,-17.139,0.0383,0.832,0.000501,0.132,0.436,82.771,222947,4
13919sm,2023-05-05 21:01:53,"Maston, L'éclair - L'Eau Bleue [Psychedelic Rock]",https://www.reddit.com/r/Music/comments/13919sm,"7aE9KUqEEWrasYryOkJG7O, 7iKleRyjLc8sVDN551vyiX","Maston, L'éclair",1QpiF4Wk1nxapcxieKCE9K,L'Eau Bleue,2021-09-10,"psychedelic folk rock, psychedelic pop, neo-psychedelic, swiss alternative rock",24,0.493,0.273,2,1,-10.137,0.0267,0.608,0.875,0.152,0.565,141.205,199520,4
1391cbo,2023-05-05 21:04:23,Rock 'n' Roll Suicide [2012 Remaster] - David Bowie [Rock],https://www.reddit.com/r/Music/comments/1391cbo,0oSGxfWSnnOXhD2fKuz2Gy,David Bowie,1k5iH4KDKi56MFvlnrALNV,Rock 'n' Roll Suicide - 2012 Remaster,1972-06-06,"art rock, classic rock, glam rock, permanent wave, rock",60,0.457,0.308,0,1,-11.474,0.0398,0.309,1.64e-06,0.107,0.271,103.11,178266,3
1391h9g,2023-05-05 21:09:25,Stereo MC's - Bring It On (Path To The Mind And The Soul And The Spirit) [Rap/Dance],https://www.reddit.com/r/Music/comments/1391h9g,1k8VBufn1nBs8LN9n4snc8,Stereo MC's,5km64u54V9OBrdJcks68Wt,Bring It On,1989-01-01,"big beat, hip house",16,0.774,0.693,10,0,-13.393,0.064,0.00388,0.0154,0.474,0.719,112.513,279640,4
1391o7d,2023-05-05 21:16:35,Gary Allan - Best I Ever Had [country],https://www.reddit.com/r/Music/comments/1391o7d,37W8SKV5Vc8lcGtdyWCA5m,Gary Allan,120w1eBYfiYrSXtegu6uEb,Best I Ever Had,2005-01-01,"contemporary country, country, country road",51,0.273,0.59,6,1,-4.997,0.0295,0.00254,1.07e-06,0.108,0.214,174.863,251480,4
1391xfk,2023-05-05 21:26:22,CCFX - Venetian Screens [Indie rock],https://www.reddit.com/r/Music/comments/1391xfk,28tPuyqMVd3L51JmH9RpGZ,CCFX,7tHW4Le2YvCKKPhDETvFc4,Venetian Screens,2017-10-20,olympia wa indie,35,0.582,0.707,5,0,-6.197,0.0288,0.133,0.671,0.409,0.192,113.833,269440,4
1392ahr,2023-05-05 21:39:44,"B-Movie - Nowhere Girl[Classic,New Wave]",https://www.reddit.com/r/Music/comments/1392ahr,7zUgfhtNGSNLMl2ydFse4S,B-Movie,6n1S3L67y1celEL13EUw0t,Nowhere Girl,1980-01-01,"deep new wave, permanent wave, synthpop",40,0.329,0.591,1,0,-16.101,0.0524,0.000393,1.5e-05,0.166,0.471,152.861,281800,4
1392eci,2023-05-05 21:43:40,Vanessa Williams - “Save The Best For Last” [R&B/Soul],https://www.reddit.com/r/Music/comments/1392eci,75L9s8KVrhCNtBUkZFnDFW,Vanessa Williams,7okbmgA8lRBGl5limZ7LFM,Save The Best For Last,1991-01-01,"contemporary r&b, quiet storm, urban contemporary",67,0.528,0.234,3,1,-15.784,0.0283,0.641,0.0,0.183,0.191,95.911,218733,4
1392gu9,2023-05-05 21:46:17,Dead Bundy - Graduate [Pop-Punk],https://www.reddit.com/r/Music/comments/1392gu9,5Zh5ZiQ9QJXoGAzc0qiWmh,Dead Bundy,7a8WG9bv8tRZ4XYYnbzHcH,Graduate,2023-05-05,pop punk,0,0.451,0.827,2,1,-5.766,0.0402,0.00267,0.0,0.135,0.414,170.031,166588,4
1393290,2023-05-05 22:08:25,Zan Ederer - Remedies of Fire [indie alternative] (2023),https://www.reddit.com/r/Music/comments/1393290,0SEp92p474pt9DUqEWmutx,Zan Ederer,5dFZRlsQGolYWdAqPpHlIV,Remedies of Fire,2023-05-05,,0,0.531,0.25,4,0,-11.408,0.041,0.831,0.162,0.0765,0.302,102.458,207799,3
1393bgf,2023-05-05 22:18:24,"Mulatu Astatke - Yègellé Tezeta[Classic,Jazz]",https://www.reddit.com/r/Music/comments/1393bgf,7HGFXtBhRq3g1Ma3nH4Rgv,Mulatu Astatke,0fxjsll9jmmRgMFbwdp4Xg,Yègellé Tezeta,1969,"afrobeat, afropop, ethio-jazz, world",53,0.839,0.233,3,1,-13.539,0.0413,0.745,0.747,0.105,0.777,125.597,194293,4
1394e9r,2023-05-05 23:01:06,"A split second - Flesh [Classic,New beat]",https://www.reddit.com/r/Music/comments/1394e9r,71gWzwSxShFL9PT0jiBTCC,A Split Second,2s0lndhJ7f1Sg1oChArGmD,Flesh,2021-06-04,"belgian new wave, ebm, new beat",28,0.719,0.775,10,0,-10.751,0.0459,0.243,0.902,0.145,0.692,104.442,291333,4
139540i,2023-05-05 23:30:17,Beth Ditto - Do You Need Someone? [Electro-pop],https://www.reddit.com/r/Music/comments/139540i,7y8lzaGqtadGmtAtg2SGv4,Beth Ditto,6QU3BVj4CranbZLqYSiKp7,Do You Need Someone,2011-03-04,,26,0.701,0.901,6,1,-3.331,0.0841,0.357,0.00605,0.645,0.963,105.026,216467,4
13957wy,2023-05-05 23:34:35,Drive-By Truckers - Three Dimes Down [Rock],https://www.reddit.com/r/Music/comments/13957wy,1rXr1ZnvbRoYBaedIl9v4v,Drive-By Truckers,0srh5FVivlKjk66wBSZqmC,3 Dimes Down,2008-01-22,"alternative country, folk, heartland rock, new americana, roots rock, southern rock",33,0.494,0.751,2,1,-5.839,0.039,8.38e-05,0.114,0.105,0.678,127.203,199600,4
1395npr,2023-05-05 23:52:32,Brother Cane - I Lie In The Bed I Make [Rock],https://www.reddit.com/r/Music/comments/1395npr,4C2mRKodTEQRrE5EaGtjr5,Brother Cane,6LEtLHTAcZ9Km1n1oKwe8o,I Lie In The Bed I Make,1998-01-01,"modern hard rock, southern rock",27,0.549,0.664,11,0,-8.692,0.0282,0.000457,5.39e-06,0.103,0.543,114.5,266600,4
1395oca,2023-05-05 23:53:14,Midnight Juggernauts - Sugar and Bullets (Official Audio) [Dance-pop],https://www.reddit.com/r/Music/comments/1395oca,2tGIh9kwbXuko0z3BTldBx,Midnight Juggernauts,2S9MXIZC0wxD6pf2bjhGZ6,Sugar and Bullets,2013-07-09,"alternative dance, dance-punk, electrofox, filter house, neo-synthpop, new rave",4,0.73,0.988,0,0,-4.696,0.0413,3.89e-05,0.692,0.618,0.342,120.002,292187,4
1395omm,2023-05-05 23:53:34,Lil Debbie - Ratchets [Rap],https://www.reddit.com/r/Music/comments/1395omm,3FNZcjyqT7F5upP99JV0oN,Lil Debbie,2symDUMwDrtmnudJyzTrzF,Ratchets,2013-02-20,trap queen,19,0.794,0.663,1,1,-6.554,0.165,0.00407,0.0,0.12,0.465,140.008,207413,4
139629a,2023-05-06 00:08:21,The Smithereens - Blood And Roses [Alt Rock],https://www.reddit.com/r/Music/comments/139629a,06KgaEpSluofkcChSo7TNr,The Smithereens,0TGA69v94LfE6ZZNxLzROZ,Blood And Roses,2022-07-29,"beatlesque, jangle pop, new jersey indie, new wave, power pop",31,0.477,0.686,6,1,-14.141,0.0406,0.0101,0.0118,0.0633,0.81,120.837,216827,4
13969hs,2023-05-06 00:16:18,Richard Hawley - Heart Of Oak (Official Video) [Indie rock],https://www.reddit.com/r/Music/comments/13969hs,1ZsnHGOLYFg8CAHQQBc1ut,Richard Hawley,1lthx4u7UapEtyXXV9K3ST,Heart of Oak,2015-09-11,"british singer-songwriter, chamber pop, sheffield indie, singer-songwriter, solo wave",34,0.484,0.533,2,1,-10.404,0.0278,0.00343,0.377,0.0662,0.428,110.996,266547,4
1396lsg,2023-05-06 00:30:27,Days Like These - Bloodshed [Alternative Rock/Metal],https://www.reddit.com/r/Music/comments/1396lsg,2eCTqgbVjo6VXPV9bcKNe1,Days Like These,1kbZKpSi7Zbuo52cS1HQHC,Bloodshed,2023-05-05,,0,0.486,0.965,5,0,-3.924,0.11,0.00579,0.0,0.071,0.378,160.058,220627,4
1396uef,2023-05-06 00:40:13,Jenny Owen Youngs - Fuck Was I [folk],https://www.reddit.com/r/Music/comments/1396uef,52mkFCABBeP3KjkWFA4M2H,Jenny Owen Youngs,7kmZKcImkVCFma5xZoD8A8,Fuck Was I,2007-03-26,new jersey indie,37,0.556,0.223,7,1,-11.331,0.0359,0.811,2.6e-06,0.106,0.49,156.012,210880,3
1396wmx,2023-05-06 00:42:41,The Lemon Twigs - When Winter Comes Around [Folk/Rock],https://www.reddit.com/r/Music/comments/1396wmx,7eYZSXnQVCODCVmTV8Hk2T,The Lemon Twigs,13G6COhMO4hUKkqTs0xvgH,When Winter Comes Around,2023-05-05,"baroque pop, psychedelic pop",0,0.325,0.248,0,1,-11.396,0.0294,0.438,0.000135,0.0851,0.274,143.969,282213,4
13971ie,2023-05-06 00:48:20,"Motörhead - God Save The Queen [Cover/Hard Rock] 2000 - God bless Lemmy. If any British musician deserves to be knighted, its him. If any band deserves to be in the so called 'Rock and Roll Hall of Fame, it's Motörhead.",https://www.reddit.com/r/Music/comments/13971ie,1DFr97A9HnbV3SKTJFu62M,Motörhead,0ZuyXUQM2yAFIbmTOTXAbi,God Save The Queen,2017-09-01,"alternative metal, hard rock, metal, nu metal, rock, speed metal",42,0.367,0.994,8,1,-5.377,0.0569,1.11e-05,0.332,0.173,0.172,75.434,199500,4
13975o9,2023-05-06 00:53:24,Elbow - Any day now [Indie rock],https://www.reddit.com/r/Music/comments/13975o9,0TJB3EE2efClsYIDQ8V2Jk,Elbow,59qdWok2u5ItLGEVf008kD,Any Day Now,2001,britpop,37,0.609,0.77,4,1,-10.09,0.0333,0.18,0.234,0.11,0.428,139.372,377933,4
13976tj,2023-05-06 00:54:52,The Academy Is... - Attention [Pop Punk],https://www.reddit.com/r/Music/comments/13976tj,3jwm6OBdUY5xzFiFIPhMHu,The Academy Is...,3qF9lBDFFLdMbAn5arThmb,Attention,2005,"emo, neon pop punk, pop emo, pop punk, screamo",38,0.516,0.861,9,1,-5.387,0.134,0.00334,0.0,0.121,0.417,151.98,173467,4
13977u6,2023-05-06 00:56:04,"Paramore - This Is Why [Alternative rock, 2022]",https://www.reddit.com/r/Music/comments/13977u6,74XFHRwlV6OrjEM0A2NCMF,Paramore,7HdXRMw14roDx2a0COWk3M,This Is Why,2023-02-10,"candy pop, pixie, pop, pop emo, pop punk, rock",73,0.728,0.76,11,0,-6.884,0.0396,0.00433,0.00585,0.13,0.674,123.045,206701,4
1397h5b,2023-05-06 01:07:19,"Eels - Your Lucky Day In Hell [Classic,Alternative rock]",https://www.reddit.com/r/Music/comments/1397h5b,3zunDAtRDg7kflREzWAhxl,Eels,39DnqaHbe7cTqo1C2lj8Ma,Your Lucky Day In Hell,1996-01-01,"alternative rock, melancholia",45,0.704,0.387,0,1,-12.149,0.0648,0.394,0.0829,0.0715,0.475,101.816,266707,4
1397xct,2023-05-06 01:26:57,Blind Boys of Alabama - Amazing Grace (Live on KEXP) [Classic Rock/Gospel fusion],https://www.reddit.com/r/Music/comments/1397xct,5TVL4FXEntBYZb3ujyt6fH,The Blind Boys Of Alabama,0MUj6GVEs5qJPwWuinFu4I,Amazing Grace,2001-04-24,gospel singers,31,0.326,0.508,4,0,-9.494,0.0351,0.402,0.0104,0.118,0.277,170.281,266173,3
1399nox,2023-05-06 02:43:44,Pastel - Two Fools [British rock] (2022),https://www.reddit.com/r/Music/comments/1399nox,45Tlc11sM7ZCtAkCA9Nrx9,Pastel,3y1vNCSC4cMPevtXPrgY0W,Two Fools,2022-10-21,"britpop revival, swansea indie",10,0.38,0.61,4,1,-7.064,0.0279,0.000158,0.0276,0.115,0.152,82.955,246813,4
1399ypp,2023-05-06 02:57:31,ZZ Top - La Grange [Well you know what I am talking about / Music to wake your butt up],https://www.reddit.com/r/Music/comments/1399ypp,2AM4ilv6UzW0uMRuqKtDgN,ZZ Top,1e1vNXYhyzFoKFSUnJ2GVy,La Grange,2023-04-28,"album rock, blues rock, classic rock, hard rock, rock",0,0.509,0.641,4,0,-9.936,0.264,0.00249,0.0304,0.196,0.612,161.74,230480,4
139a789,2023-05-06 03:07:51,Seether - Given[Nu Metal],https://www.reddit.com/r/Music/comments/139a789,6B5c4sch27tWHAGdarpPaW,Seether,5Q6CpwkVOu1yUiIpuLytWo,Given,2005-01-01,"alternative metal, nu metal, post-grunge, south african rock",41,0.284,0.707,11,0,-6.159,0.0331,3.88e-05,0.0607,0.107,0.386,94.036,226680,3
